"",IUCN Red
Date last recorded in Scientific name Common name,Year of List (2017-1)
"",the wildCategoryAssessment
"",IUCN Red,
Date last recorded in Scientific name Common name,Year of List (2017-1),
"",the wildCategoryAssessment,
MAMMALS,,
Bos sauveli Kouprey,CR(PE) 2008,1969/70
Crateromys australis Dinagat Crateromys,CR(PE) 2008,1975
Crocidura trichura Christmas Island Shrew,CR(PE) 2008,1985
Cryptochloris wintoni De Winton's Golden Mole,CR(PE) 2008,1937
Dendrolagus mayri Wondiwoi Tree-kangaroo,CR(PE) 2008,1928
Dipodomys gravipes San Quintin Kangaroo Rat,CR(PE) 2008,1986
Lipotes vexillifer Baiji,CR(PE) 2008,2002
Melanomys zunigae Zuniga's Dark Rice Rat,CR(PE) 2008,1949
Mesocapromys nanus Dwarf Hutia,CR(PE) 2008,1937
Mesocapromys sanfelipensis Little Earth Hutia,CR(PE) 2008,1978
Monodelphis unistriata Single-striped Opossum,CR(PE) 2011,1899
Murina tenebrosa Gloomy Tube-nosed Bat,CR(PE) 2008,1962
Mystacina robusta New Zealand Greater Short-tailed Bat,CR(PE) 2008,1967
Nilopegamys plumbeus Ethiopian Amphibious Rat,CR(PE) 2008,1920s
Nyctophilus howensis Lord Howe Long-eared Bat,CR(PE) 2008,1972
Peromyscus guardia Angel Island Mouse,CR(PE) 2008,1991
Peromyscus mekisturus Puebla Deer Mouse,CR(PE) 2008,Before 1948
Phalanger matanim Telefomin Cuscus,CR(PE) 2008,Possibly 1997
Pharotis imogene Thomas's Big-eared Bat,CR(PE) 2008,1890
Piliocolobus bouvieri Bouvier’s Red Colobus,CR(PE) 2008,1970s
Pipistrellus murrayi Christmas Island Pipistrelle,CR(PE) 2009,2009
Pteralopex pulchra Montane Monkey-faced Bat,CR(PE) 2008,?
Pteropus aruensis Aru Flying Fox,CR(PE) 2008,1992
Pteropus tuberculatus Vanikoro Flying Fox,CR(PE) 2008,Before 1930
Uromys emmae Emma's Giant Rat,CR(PE) 2008,1946
1886-1888 (confirmed); Uromys imperator Emperor Rat,CR(PE) 2008,
"",,1960s (possible)
Uromys porculus Guadalcanal Rat,CR(PE) 2008,presumably 1886-1888
Viverra civettina Malabar Civet,CR(PE) 2015,?
BIRDS,,
Acrocephalus longirostris Moorea Reed-warbler,CR(PE) 2016,1987
Callaeas cinereus South Island Kokako,CR(PE) 2016,2007
Campephilus imperialis Imperial Woodpecker,CR(PE) 2013,1956
Cichlocolaptes mazarbarnetti Cryptic Treehunter,CR(PE) 2016,2007
Cyanopsitta spixii Spix's Macaw,CR(PEW) 2013,2000
Eriocnemis godini Turquoise-throated Puffleg,CR(PE) 2012,1850
Eurostopodus exul New Caledonian Nightjar,CR(PE) 2014,1939
Hemignathus affinis Maui Nukupuu,CR(PE) 2016,1896
Hemignathus hanapepe Kauai Nukupuu,CR(PE) 2016,1899
Hydrobates macrodactylus Guadalupe Storm-petrel,CR(PE) 2012,1912
Loxops ochraceus Maui Akepa,CR(PE) 2016,1988
Melamprosops phaeosoma Poo-uli,CR(PE) 2012,2004
Myadestes lanaiensis Olomao,CR(PE) 2013,1994
Numenius borealis Eskimo Curlew,CR(PE) 2012,1963
Paroreomyza maculata Oahu Alauahio,CR(PE) 2012,1985
Pomarea mira Ua Pou Monarch,CR(PE) 2013,2010
Psittirostra psittacea Ou,CR(PE) 2012,1989
Pterodroma caribbaea Jamaica Petrel,CR(PE) 2013,1879
Pyrrhura subandina Sinu Parakeet,CR(PE) 2014,1949
Siphonorhis americana Jamaican Pauraque,CR(PE) 2012,1860
Turnix novaecaledoniae New Caledonian Buttonquail,CR(PE) 2014,1911
Vermivora bachmanii Bachman's Warbler,CR(PE) 2013,1988
REPTILES,,
Alinea lanceolata Barbados Skink,CR(PE) 2015,1889
Anolis roosevelti Culebra Giant Anole,CR(PE) 2009,1932
Borikenophis sanctaecrucis Saint Croix Racer,CR(PE) 2015,19th or early 20th Century
Calamaria prakkei Prakke's Reed Snake,CR(PE) 2011,?
Capitellum mariagalantae Marie-Galante Skink,CR(PE) 2015,1830s
Capitellum metallicum Lesser Martinique Skink,CR(PE) 2015,before 1879
Capitellum parvicruzae Lesser Saint Croix Skink,CR(PE) 2013,?
Celestus anelpistus Giant Hispaniolan Galliwasp,CR(PE) 2004,1977
Contomastix vittata,CR(PE) 2009,?
"",Scientific name,Common name,"IUCN RedList (2017-1)Category","Year ofAssessment","Date last recorded inthe wild"
"",Cynisca gansi,,CR(PE),2012,?
"",Erythrolamprus cursor,Lacépède's Ground Snake,CR(PE),2015,1968
"",Gallotia auaritae,La Palma Giant Lizard,CR(PE),2008,?
"",Hypsirhynchus ater,Jamaican Racer,CR(PE),2015,1900
"",Hypsirhynchus melanichnus,La Vega Racer,CR(PE),2015,1910
"",Leiocephalus endomychus,Central Haitian Curlytail,CR(PE),2015,1976
"",Leiocephalus pratensis,Atalaye Curlytail Lizard,CR(PE),2015,1966
"",Leiocephalus rhutidira,Lapierre Curlytail Lizard,CR(PE),2015,1978
"",Lepidoblepharis miyatai,,CR(PE),2013,1964
"",Liolaemus cranwelli,Cranwell's Tree Iguana,CR(PE),2014,1973
"",Mabuya hispaniolae,Hispaniolan Two-lined Skink,CR(PE),2015,1937
"",Mabuya mabouya,Greater Martinique Skink,CR(PE),2015,1889
"",Mabuya montserratae,Montserrat Skink,CR(PE),2015,1984
"",Mitophis leptepileptus,Haitian Border Threadsnake,CR(PE),2015,1984
"",Omoadiphas cannula,,CR(PE),2012,1989
"",Pseudoxyrhopus ankafinaensis,,CR(PE),2011,1881
"",Rhampholeon chapmanorum,Chapman's Pygmy Chameleon,CR(PE),2014,1998
"",Sphaerodactylus elasmorhynchus,Marche Leon Least Gecko,CR(PE),2015,1966
"",Sphaerodactylus lazelli,Cap-Haitien Least Gecko,CR(PE),2015,1960
"",Sphaerodactylus williamsi,Haitian Striped Sphaero,CR(PE),2015,before 1983
"",Spondylurus anegadeae,Anegada Skink,CR(PE),2015,1966
"",Spondylurus haitiae,Hispaniolan Four-lined Skink,CR(PE),2015,1857-1858
"",Spondylurus lineolatus,Hispaniolan Ten-lined Skink,CR(PE),2015,1985
"",Spondylurus magnacruzae,Greater Saint Croix Skink,CR(PE),2013,2000
"",Spondylurus martinae,Saint Martin Skink,CR(PE),2015,1965
"",Spondylurus monitae,Monito Skink,CR(PE),2013,1993
"",Spondylurus spilonotus,Greater Virgin Islands Skink,CR(PE),2013,1877
"",Stenocercus haenschi,Haensch's Whorltail Iguana,CR(PE),2009,1901
"",Trimetopon viquezi,Viquez's Tropical Ground Snake,CR(PE),2012,1927
"",,,,,
"",AMPHIBIANS,,,,
"",Altiphrynoides osgoodi,Osgood's Ethiopian Toad,CR(PE),2012,2003
"",Andinobates abditus,Collins' Poison Frog,CR(PE),2004,?
"",Aquiloeurycea praecellens,Admirable False Brook Salamander,CR(PE),2009,24 December 1940
"",Aromobates nocturnus,Skunk Frog,CR(PE),2006,1991
"",Arthroleptides dutoiti,Du Toit's Torrent Frog,CR(PE),2004,1962
"",Arthroleptis kutogundua,Overlooked Squeaker Frog,CR(PE),2012,1930
"",Arthroleptis troglodytes,Cave Squeaker,CR(PE),2014,1962
"",Atelopus ardila,,CR(PE),2012,1989
"",Atelopus balios,Rio Pescado Stubfoot Toad,CR(PE),2004,1995
"",Atelopus carbonerensis,La Carbonera Stubfoot Toad,CR(PE),2004,1998
"",Atelopus chiriquiensis,Lewis' Stubfoot Toad,CR(PE),2008,Late 1990s
"",Atelopus chirripoensis,,CR(PE),2012,1980
"",Atelopus chrysocorallus,,CR(PE),2004,1988
"",Atelopus eusebiodiazi,,CR(PE),2010,1997
"",Atelopus famelicus,,CR(PE),2009,1993
"",Atelopus guanujo,,CR(PE),2004,1988
"",Atelopus halihelos,Morona-Santiago Stubfoot Toad,CR(PE),2006,1984
"",Atelopus lynchi,,CR(PE),2004,1984
"",Atelopus mindoensis,Mindo Stubfoot Toad,CR(PE),2004,1989
"",Atelopus muisca,La Arboleda Stubfoot Toad,CR(PE),2004,1996
"",Atelopus nanay,,CR(PE),2004,1989
"",Atelopus onorei,,CR(PE),2008,1990
"",Atelopus oxyrhynchus,Rednose Stubfoot Toad,CR(PE),2004,1994
"",Atelopus pachydermus,Schmidt's Stubfoot Toad,CR(PE),2008,1995
"",Atelopus pastuso,,CR(PE),2012,1993
"",Atelopus peruensis,Peru Stubfoot Toad,CR(PE),2006,?
"",Atelopus petersi,,CR(PE),2008,1996
"",Atelopus pinangoi,Pinango Stubfoot Toad,CR(PE),2004,1997
"",Atelopus planispina,Flat-spined Atelopus,CR(PE),2004,1985
"",Atelopus podocarpus,,CR(PE),2012,1994
"",Atelopus sernai,,CR(PE),2004,2000
"",Atelopus simulatus,,CR(PE),2014,2003
"",Atelopus sorianoi,Cloud Forest Stubfoot Toad,CR(PE),2004,1990
"",Bokermannohyla izecksohni,,CR(PE),2004,?
"",Bradytriton silus,Finca Chiblac Salamander,CR(PE),2008,1976
"",Bromeliohyla dendroscarta,Greater Bromeliad Treefrog,CR(PE),2004,1974
"",Centrolene heloderma,Pichincha Giant Glass Frog,CR(PE),2004,1996
"",Charadrahyla altipotens,Yellow-bellied Voiceless Treefrog,CR(PE),2004,1960s
"",Charadrahyla trux,Spine-fingered Treefrog,CR(PE),2004,?
"",Chiropterotriton magnipes,Big-footed Salamander,CR(PE),2008,?
"",Colostethus jacobuspetersi,,CR(PE),2004,1960s
"",Conraua derooi,Togo Slippery Frog,CR(PE),2004,?
"",Craugastor anciano,Corquin Robber Frog,CR(PE),2004,?
"",Craugastor angelicus,Angel Robber Frog,CR(PE),2008,1994
"",Craugastor coffeus,,CR(PE),2004,?
"",Craugastor cruzi,Cruz Robber Frog,CR(PE),2004,1988
"",Craugastor emleni,,CR(PE),2004,1985
"",Craugastor fecundus,,CR(PE),2004,?
Craugastor gulosus,,CR(PE),2013,1983,
"",Scientific name,Common name,"IUCN RedList (2017-1)Category","Year ofAssessment","Date last recorded inthe wild"
"",Craugastor obesus,,CR(PE),2013,1984
"",Craugastor olanchano,,CR(PE),2004,?
"",Craugastor omoaensis,,CR(PE),2004,?
"",Craugastor polymniae,Sierra Juarez Robber Frog,CR(PE),2004,1983
"",Craugastor stadelmani,,CR(PE),2004,1993
"",Craugastor trachydermus,,CR(PE),2004,?
"",Ecnomiohyla echinata,Oaxacan Fringe-limbed Treefrog,CR(PE),2004,1962
"",Eleutherodactylus eneidae,Villalba Robber Frog,CR(PE),2008,1990
"",Eleutherodactylus glanduliferoides,La Visite Robber Frog,CR(PE),2008,1985
"",Eleutherodactylus karlschmidti,Karl's Robber Frog,CR(PE),2008,1976 or 1988
"",Eleutherodactylus orcutti,Arntully Robber Frog,CR(PE),2008,mid-1980s
"",Eleutherodactylus schmidti,Schmidt's Robber Frog,CR(PE),2008,mid-1980s
"",Eleutherodactylus semipalmatus,Foothill Robber Frog,CR(PE),2008,1985
"",Gastrotheca lauzuricae,La Siberia Marsupial Frog,CR(PE),2004,1989
"",Holoaden bradei,Itatiaia Highland Frog,CR(PE),2004,1976
"",Hyla heinzsteinitzi,,CR(PE),2008,?
"",Hyla nicefori,,CR(PE),2004,?
"",Hyloscirtus chlorosteus,Parjacti Treefrog,CR(PE),2004,1970s
"",Hyloxalus edwardsi,Edwards' Rocket Frog,CR(PE),2004,1996
"",Hyloxalus ruizi,Ruiz's Rocket Frog,CR(PE),2004,?
"",Hypsiboas cymbalum,,CR(PE),2004,?
"",Incilius fastidiosus,Pico Blanco Toad,CR(PE),2008,?
"",Isthmohyla debilis,Isla Bonita Treefrog,CR(PE),2008,1998
"",Isthmura naucampatepetl,Cofre de Perote Salamander,CR(PE),2008,1981
"",Lithobates omiltemanus,Guerreran Leopard Frog,CR(PE),2004,1978
"",Lithobates pueblae,,CR(PE),2004,?
"",Lithobates tlaloci,Tlaloc's Leopard Frog,CR(PE),2004,1985
"",Litoria castanea,Yellow-spotted Tree Frog,CR(PE),2004,1980
"",Litoria piperata,Peppered Tree Frog,CR(PE),2004,1973
"",Mannophryne neblina,,CR(PE),2004,?
"",Melanophryniscus peritus,,CR(PE),2013,1953
"",Nectophrynoides poyntoni,Poynton's Forest Toad,CR(PE),2014,2003
"",Oedipina paucidentata,El Empalme Worm Salamander,CR(PE),2008,1952
"",Oreobates zongoensis,,CR(PE),2004,1996
"",Parhoplophryne usambarica,Amani Forest Frog,CR(PE),2012,1920s
"",Peltophryne fluviatica,Hispaniolan Crestless Toad,CR(PE),2004,?
"",Philautus jacobsoni,,CR(PE),2004,?
"",Plectrohyla calvicollina,Cerro Pelón Treefrog,CR(PE),2004,1984
"",Plectrohyla celata,Oaxaca Treefrog,CR(PE),2004,1984
"",Plectrohyla cembra,,CR(PE),2006,1993
"",Plectrohyla cyanomma,Blue-eyed Aquatic Treefrog,CR(PE),2009,1980
"",Plectrohyla ephemera,,CR(PE),2006,?
"",Plectrohyla hazelae,Hazel's Treefrog,CR(PE),2004,1984
"",Plectrohyla siopela,Voiceless Treefrog,CR(PE),2009,?
"",Plectrohyla thorectes,Adler's Mottled Treefrog,CR(PE),2004,1984
"",Pristimantis bernali,Argelia Robber Frog,CR(PE),2004,1981
"",Proceratophrys moratoi,Botucatu Escuerzo,CR(PE),2004,1990
"",Prostherapis dunni,,CR(PE),2006,?
"",Pseudoeurycea ahuitzotl,,CR(PE),2008,1960s
"",Pseudoeurycea anitae,,CR(PE),2008,9 August 1976
"",Pseudoeurycea aquatica,Aquatic Salamander,CR(PE),2008,1978
"",Pseudoeurycea tlahcuiloh,,CR(PE),2008,1960s
"",Pseudoeurycea unguidentis,,CR(PE),2009,1976
"",Rhaebo colomai,Carchi Andes Toad,CR(PE),2004,?
"",Rhinella rostrata,,CR(PE),2004,1914
"",Rhinoderma rufum,,CR(PE),2008,1981
"",Scutiger maculatus,Piebald Alpine Toad,CR(PE),2004,1970s
"",Telmatobius cirrhacelis,Loja Water Frog,CR(PE),2008,1981
"",Telmatobius niger,Black Water Frog,CR(PE),2008,1994
"",Telmatobius pefauri,Arico Water Frog,CR(PE),2015,1976
"",Telmatobius vellardi,Vellard's Water Frog,CR(PE),2008,1987
"",Thorius infernalis,Atoyac Minute Salamander,CR(PE),2008,1980s
"",Thorius munificus,,CR(PE),2008,1997
"",Vandijkophrynus amatolicus,Amatola Toad,CR(PE),2010,Before 1998
"",,,,,
"",FISHES,,,,
"",Acanthobrama centisquama,Long-spine Bream,CR(PE),2013,early 20th century
"",Acanthobrama tricolor,Damascus Bream,CR(PE),2013,1980s
"",Acipenser dabryanus,Yangtze Sturgeon,CR(PE),2009,?
"",Acipenser naccarii,Adriatic Sturgeon,CR(PE),2009,?
"",Alosa vistonica,,CR(PE),2006,?
"",Anabarilius qiluensis,,CR(PE),2011,Early 1980s
"",Anabarilius yangzonensis,,CR(PE),2011,?
"",Aphyolebias claudiae,,CR(PE),2014,2003
"",Azurina eupalama,Galápagos Damsel,CR(PE),2008,1980s
"",Balantiocheilos ambusticauda,Siamese Bala-shak,CR(PE),2011,1974
"",Caecocypris basimi,Haditha Cavefish,CR(PE),2013,1983
"",Carcharhinus hemiodon,Pondicherry Shark,CR(PE),2003,1979
"",Cobitis kellei,Diyarbakir Spined Loach,CR(PE),2013,1974
Coregonus hoferi,,CR(PE),2008,1980s,
"",Scientific name,Common name,"IUCN RedList (2017-1)Category","Year ofAssessment","Date last recorded inthe wild"
"",Coregonus reighardi,Shortnose Cisco,CR(PE),1996,1985
"",Cyprinus barbatus,,CR(PE),2011,1982
"",Cyprinus ilishaestomus,,CR(PE),2009,Late 1970s
"",Cyprinus micristius,Dianchi Carp,CR(PE),2008,1980s
"",Cyprinus qionghaiensis,,CR(PE),2007,?
"",Cyprinus yunnanensis,,CR(PE),2009,Late 1970s
"",Fundulopanchax powelli,,CR(PE),2006,?
"",Haplochromis aelocephalus,,CR(PE),2010,1985
"",Haplochromis antleter,,CR(PE),2010,1982
"",Haplochromis apogonoides,,CR(PE),2010,1983
"",Haplochromis argenteus,,CR(PE),2010,1983
"",Haplochromis barbarae,,CR(PE),2010,1985
"",Haplochromis bareli,,CR(PE),2010,1985
"",Haplochromis brownae,,CR(PE),2010,1980
"",Haplochromis cassius,,CR(PE),2010,1986
"",Haplochromis cinctus,,CR(PE),2010,1982
"",Haplochromis cnester,,CR(PE),2010,1983
"",Haplochromis coprologus,,CR(PE),2010,1982
"",Haplochromis crassilabris,,CR(PE),2010,1980
"",Haplochromis crocopeplus,,CR(PE),2010,1985
"",Haplochromis dentex,,CR(PE),2010,1987
"",Haplochromis dichrourus,,CR(PE),2010,1986
"",Haplochromis flavipinnis,,CR(PE),2010,1984
"",Haplochromis granti,,CR(PE),2010,1986
"",Haplochromis guiarti,,CR(PE),2010,1985
"",Haplochromis heusinkveldi,,CR(PE),2010,1985
"",Haplochromis hiatus,,CR(PE),2010,1980
"",Haplochromis iris,,CR(PE),2010,1980
"",Haplochromis ishmaeli,,CR(PE),2010,1991
"",Haplochromis katunzii,,CR(PE),2010,1982
"",Haplochromis longirostris,,CR(PE),2010,1985
"",Haplochromis macrognathus,,CR(PE),2010,1985
"",Haplochromis martini,,CR(PE),2010,1985
"",Haplochromis michaeli,,CR(PE),2010,1985
"",Haplochromis microdon,,CR(PE),2010,1985
"",Haplochromis mylergates,,CR(PE),2010,1983
"",Haplochromis nanoserranus,,CR(PE),2010,1986
"",Haplochromis pancitrinus,,CR(PE),2010,1986
"",Haplochromis parvidens,,CR(PE),2010,1995
"",Haplochromis percoides,,CR(PE),2010,1986
"",Haplochromis perrieri,,CR(PE),2010,1986
"",Haplochromis plutonius,,CR(PE),2010,1980
"",Haplochromis ptistes,,CR(PE),2010,1984
"",Haplochromis pyrrhopteryx,,CR(PE),2010,1983
"",Haplochromis sphex,,CR(PE),2010,1986
"",Haplochromis sulphureus,,CR(PE),2010,1985
"",Haplochromis teegelaari,,CR(PE),2010,1986
"",Haplochromis theliodon,,CR(PE),2010,1993
"",Haplochromis ushindi,,CR(PE),2010,1980
"",Haplochromis victorianus,,CR(PE),2010,1985
"",Haplochromis vonlinnei,,CR(PE),2010,1980
"",Haplochromis xenostoma,,CR(PE),2010,1983
"",Hemibagrus punctatus,Nilgiri Mystus,CR(PE),2010,Late 1990s
"",Hypselobarbus pulchellus,,CR(PE),2011,1870
"",Knipowitschia cameliae,Danube Delta Dwarf Goby,CR(PE),2008,1994
"",Neolissochilus bovanicus,Bovany Barb,CR(PE),2010,1998
"",Pantanodon sp. nov. 'Manombo',,CR(PE),2004,1997
"",Parapsilorhynchus prateri,Deolali Minnow,CR(PE),2010,1937
"",Paraschistura chrysicristinae,Diyarbakır Loach,CR(PE),2014,1970s
"",Poropuntius chonglingchungi,,CR(PE),2011,1980s
"",Psephurus gladius,Chinese Paddlefish,CR(PE),2009,2003
"",Pseudophoxinus sojuchbulagi,Akstafa Spring Roach,CR(PE),2014,1948
"",Pseudophoxinus syriacus,Barada Spring Minnow,CR(PE),2013,2008
"",Pseudoscaphirhynchus fedtschenkoi,Syr-darya Shovelnose Sturgeon,CR(PE),2009,1960s
"",Ptychochromoides betsileanus,Trondo Mainty,CR(PE),2016,1994
"",Puntius deccanensis,Deccan Barb,CR(PE),2010,?
"",Rhizosomichthys totae,Pez Graso,CR(PE),2014,1958
"",Schistura nasifilis,,CR(PE),2010,1936
"",Schistura tenura,,CR(PE),2011,1998
"",Sciaena callaensis,,CR(PE),2009,1966
"",Stiphodon discotorquatus,,CR(PE),2011,1985
"",Systomus compressiformis,,CR(PE),2011,1994
"",Urolophus javanicus,Java Stingaree,CR(PE),2006,mid-19th century
"",Xenoclarias eupogon,Lake Victoria Deepwater Catfish,CR(PE),2006,1987
"",,,,,
"",SPIDERS,,,,
"",Afrogarypus seychellesensis,,CR(PE),2012,1940
"",Biantes parvulus,,CR(PE),2012,1972
"",Euso muehlenbergi,,CR(PE),2012,1975
Gamasomorpha austera,,CR(PE),2012,1892,
"",Scientific name,Common name,"IUCN RedList (2017-1)Category","Year ofAssessment","Date last recorded inthe wild"
"",Holozoster ovalis,,CR(PE),2012,1972
"",Ibalonius lomani,,CR(PE),2012,1972
"",Idioctis intertidalis,,CR(PE),2012,1972
"",Mitraceras crassipalpum,,CR(PE),2012,1972
"",Moneta coercervea,,CR(PE),2012,1972
"",Nesiergus gardineri,,CR(PE),2012,1974
"",Nesiergus halophilus,,CR(PE),2012,1972
"",Paccius quadridentatus,,CR(PE),2012,1892
"",Seychellia lodoiceae,,CR(PE),2012,1972
"",Sitalcicus incertus,,CR(PE),2012,1972
"",Steriphopus lacertosus,,CR(PE),2012,1892
"",Voraptus tenellus,,CR(PE),2012,1972
"",CENTIPEDES,,,,
"",Mecistocephalus cyclops,,CR(PE),2012,1892
"",Mecistocephalus sechellarum,,CR(PE),2012,1972
"",,,,,
"",MILLIPEDES,,,,
"",Diglossosternoides curiosus,,CR(PE),2012,1984
"",Rhinotus albifrons,,CR(PE),2012,1972
"",Spirobolellus simplex,,CR(PE),2012,1951
"",,,,,
"",INSECTS,,,,
"",Acanthothericles bicoloripes,Morogoro Pretty Grasshopper,CR(PE),2014,1939
"",Allaga ambigua,Zanzibar Giant Forest Grasshopper,CR(PE),2013,1898
"",Ameles fasciipennis,Spined Dwarf Mantis,CR(PE),2014,Probably about 1871
"",Andrena labiatula,,CR(PE),2013,1963
"",Anischnansis burtti,Usambara Splendid Grasshopper,CR(PE),2013,1966
"",Anisogomphus solitaris,,CR(PE),2006,1970s
"",Anonconotus apenninigenus,Southern Alpine Bush-cricket,CR(PE),2015,1881
"",Balta crassivenosa,,CR(PE),2007,1908
"",Bombus rubriventris,,CR(PE),2012,1835
"",Chlorocypha jejuna,Togo Jewel,CR(PE),2006,1890s
"",Chromomastax movogovodia,Morogoro Monkey Grasshopper,CR(PE),2014,1934
"",Chromousambilla burtti,Mpwapwa Silent Grasshopper,CR(PE),2014,1947
"",Disparoneura ramajana,,CR(PE),2006,1970s
"",Drepanosticta adami,,CR(PE),2006,1930s
"",Drepanosticta austeni,,CR(PE),2006,1940s
"",Drepanosticta montana,,CR(PE),2006,1930s
"",Drepanosticta submontana,,CR(PE),2006,1930s
"",Enallagma maldivensis,,CR(PE),2007,1902 or earlier
"",Ephippiger camillae,Camilla's Saddle Bush-cricket,CR(PE),2015,1880
"",Eupropacris abbreviata,Kilosa Noble Grasshopper,CR(PE),2013,1926
"",Euschmidtia bidens,Mlingano Monkey Grasshopper,CR(PE),2014,1953
"",Euschmidtia burtti,Burtt's Monkey Grasshopper,CR(PE),2014,1954
"",Euschmidtia dirshi,Dirsh's Monkey Grasshopper,CR(PE),2014,1954
"",Euschmidtia phippsi,Phipps' Monkey Grasshopper,CR(PE),2014,1952
"",Euschmidtia viridifasciata,Dar-es-Salaam Monkey Grasshopper,CR(PE),2014,1964
"",Evergoderes cabrerai,Gran Canaria Bush-cricket,CR(PE),2012,1966
"",Heliogomphus lyratus,,CR(PE),2006,1930s
"",Heliogomphus nietneri,,CR(PE),2006,1870s
"",Heteragrion peregrinum,,CR(PE),2014,1917
"",Holocompsa pusilla,,CR(PE),2007,1908
"",Isophya boldyrevi,Boldyrev's Plump Bush-cricket,CR(PE),2015,1915
"",Italopodisma baccettii,Baccetti's Apennine Grasshopper,CR(PE),2015,1996
"",Macromia flinti,,CR(PE),2006,1970s
"",Megachile cypricola,,CR(PE),2014,1950
"",Megalagrion molokaiense,Molokai Damselfly,CR(PE),2006,1940s
"",Metaleptobasis gibbosa,,CR(PE),2014,2005
"",Nomada siciliensis,,CR(PE),2014,1885
"",Orthetrum rubens,Elusive Skimmer,CR(PE),2011,1977
"",Palaemnema edmondi,,CR(PE),2014,1917
"",Peringueyella zulu,Zulu Ambush Katydid,CR(PE),2014,1922
"",Perissolestes remus,,CR(PE),2014,1941
"",Pieris wollastoni,Madeiran Large White,CR(PE),2009,1970s
"",Procytettix fusiformis,Seychelles Shortwinged Groundhopper,CR(PE),2007,1909
"",Rhacocleis trilobata,Three-lobed Bush-cricket,CR(PE),2015,1973
"",Sliferia similis,,CR(PE),2007,1908
"",Theganopteryx grisea,,CR(PE),2007,1909
"",Theganopteryx liturata,,CR(PE),2007,1908
"",Theganopteryx scotti,,CR(PE),2007,1908
"",Thoracistus peringueyi,Peringuey's Seedpod Shieldback,CR(PE),2014,1879
"",Uromenus riggioi,Riggio's Saddle Bush-cricket,CR(PE),2015,1970
"",,,,,
"",CRUSTACEANS,,,,
"",Atya brachyrhinus,,CR(PE),2012,1972
"",Cambarellus areolatus,,CR(PE),2010,?
"",Cambarus veitchorum,White Spring Cave Crayfish,CR(PE),2010,1968
Caridina apodosis,,CR(PE),2011,1944,
"",Scientific name,Common name,"IUCN RedList (2017-1)Category","Year ofAssessment","Date last recorded inthe wild"
"",Caridina yilong,,CR(PE),2012,1983
"",Cryphiops luscus,,CR(PE),2012,1986
"",Macrobrachium denticulatum,,CR(PE),2012,1995
"",Macrobrachium oxyphilus,,CR(PE),2011,before 2003
"",Macrobrachium purpureamanus,,CR(PE),2012,before 1998
"",Macrobrachium scorteccii,,CR(PE),2012,1957
"",Palaemonetes cummingi,Florida Cave Shrimp,CR(PE),2012,1973
"",Perbrinckia gabadagei,,CR(PE),2008,1996
"",Procambarus delicatus,Big-cheeked Cave Crayfish,CR(PE),2010,1976
"",Procambarus paradoxus,,CR(PE),2010,1900s
"",Sinodina acutipoda,,CR(PE),2012,?
"",Strengeriana antioquensis,,CR(PE),2008,?
"",Tehuana veracruzana,,CR(PE),2008,?
"",,,,,
"",CORALS,,,,
"",Rhizopsammia wellingtoni,Wellington's Solitary Coral,CR(PE),2007,2000
"",Millepora boschmai,,CR(PE),2008,early 1990s
"",,,,,
"",MOLLUSCS (Bivalves),,,,
"",Aspatharia divaricata,,CR(PE),2016,1898
"",Coelatura rothschildi,,CR(PE),2016,1980s
"",Cuneopsis demangei,,CR(PE),2010,1929
"",Dreissena caspia,,CR(PE),2011,1980
"",Epioblasma othcaloogensis,Southern Acron Riffle Shell,CR(PE),2012,1974
"",Eupera crassa,,CR(PE),2016,1954
"",Lamprotula crassa,,CR(PE),2010,1990s
"",Lamprotula liedtkei,,CR(PE),2010,?
"",Lamprotula nodulosa,,CR(PE),2010,?
"",Obovaria haddletoni,Haddleton Lampmussel,CR(PE),2012,about 1970
"",Pisidium betafoense,,CR(PE),2016,1949
"",Pleurobema curtum,Black Clubshell,CR(PE),2012,1990s
"",,,,,
"",MOLLUSCS (Gastropods),,,,
"",Aaadonta angaurana,,CR(PE),2011,1936
"",Aaadonta kinlochi,,CR(PE),2011,2003 (dead)
"",Aaadonta pelewana,,CR(PE),2011,?
"",Alzoniella galaica,,CR(PE),2009,?
"",Beddomeia tumida,,CR(PE),2011,before 1889
"",Belgrandia moitessieri,,CR(PE),2009,?
"",Belgrandia varica,,CR(PE),2009,1870
"",Belgrandiella boetersi,,CR(PE),2010,?
"",Belgrandiella cavernica,,CR(PE),2013,1957
"",Belgrandiella kreisslorum,,CR(PE),2010,1981
"",Belgrandiella multiformis,,CR(PE),2009,?
"",Bellamya phthinotropis,,CR(PE),2015,1954
"",Bulimulus achatellinus,,CR(PE),2003,1980s
"",Bulimulus adelphus,,CR(PE),2003,?
"",Bulimulus deridderi,,CR(PE),2003,?
"",Bulimulus duncanus,,CR(PE),2003,before 1893
"",Bulimulus eos,,CR(PE),2003,?
"",Bulimulus lycodus,,CR(PE),2003,?
"",Bulimulus saeronius,,CR(PE),2003,?
"",Bulimulus sp. nov. 'josevillani',,CR(PE),2003,?
"",Bulimulus sp. nov. 'krameri',,CR(PE),2003,?
"",Bulimulus sp. nov. 'nilsodhneri',,CR(PE),2003,?
"",Bulimulus sp. nov. 'tuideroyi',,CR(PE),2003,?
"",Bulimulus sp. nov. 'vanmoli',,CR(PE),2003,?
"",Bulimulus tanneri,,CR(PE),2003,?
"",Bythinella eutrepha,,CR(PE),2009,?
"",Bythiospeum dubium,,CR(PE),2008,?
"",Bythiospeum gonostoma,,CR(PE),2010,?
"",Bythiospeum putei,,CR(PE),2010,1961
"",Bythiospeum turritum,,CR(PE),2011,?
"",Ceratophallus concavus,,CR(PE),2016,1953
"",Ceratophallus subtilis,,CR(PE),2016,1951
"",Coneuplecta turrita,,CR(PE),2011,1936
"",Conturbatia crenata,,CR(PE),2006,2000
"",Delos gardineri,,CR(PE),2011,1890s
"",Dianella schlickumi,,CR(PE),2009,1980s
"",Diplommatina alata,,CR(PE),2011,1936
"",Diplommatina aurea,,CR(PE),2011,1936
"",Diplommatina gibboni,,CR(PE),2011,1936
"",Discula lyelliana,,CR(PE),2010,1870s
"",Discula tetrica,,CR(PE),2010,?
"",Elimia troostiana,,CR(PE),2011,1980s
"",Endodonta apiculata,,CR(PE),2000,1930s
"",Eua globosa,,CR(PE),2011,1970
"",Falsipyrgula beysehirana,,CR(PE),2013,1990s
Gabbiella barthi,,CR(PE),2015,1980,
"",Scientific name,Common name,"IUCN RedList (2017-1)Category","Year ofAssessment","Date last recorded inthe wild"
"",Gabbiella matadina,,CR(PE),2008,?
"",Geomitra delphinuloides,,CR(PE),2010,1870s
"",Geomitra grabhami,,CR(PE),2010,1980s
"",Graecoanatolica brevis,,CR(PE),2013,before 1973
"",Graecoanatolica conica,,CR(PE),2013,1973
"",Hemicycla modesta,,CR(PE),2011,?
"",Henrigirardia wienini,,CR(PE),2009,before 2001
"",Hydrobia anatolica,,CR(PE),2013,before 1994
"",Iglica gratulabunda,,CR(PE),2009,1992
"",Islamia bendidis,,CR(PE),2010,?
"",Islamia graeca,,CR(PE),2009,before 2000
"",Islamia hadei,,CR(PE),2009,?
"",Islamia pseudorientalica,,CR(PE),2009,before 1973
"",Islamia zermanica,,CR(PE),2009,?
"",Kirelia carinata,,CR(PE),2013,1970s
"",Kubaryia pilikia,,CR(PE),2011,2003 (dead)
"",Lantzia carinata,,CR(PE),2016,1992
"",Lauopa mbalavuana,,CR(PE),2011,1860s
"",Leiostyla abbreviata,,CR(PE),2010,1870s
"",Leiostyla cassida,,CR(PE),2010,1870s
"",Leiostyla gibba,,CR(PE),2010,1878 (dead)
"",Leiostyla simulator,,CR(PE),2010,?
"",Madgeaconcha sevathiani,,CR(PE),2013,before 2004
"",Margarya yangtsunghaiensis,,CR(PE),2008,1949
"",Marstonia ozarkensis,,CR(PE),2012,1997
"",Melanoides agglutinans,,CR(PE),2008,1941
"",Melanopsis germaini,,CR(PE),2014,1955
"",Melanopsis infracincta,,CR(PE),2014,1940s
"",Melanopsis khabourensis,,CR(PE),2013,1939
"",Melanopsis pachya,,CR(PE),2013,1930s
"",Mercuria punica,,CR(PE),2007,?
"",Monilearia pulverulenta,,CR(PE),2011,?
"",Montserratina becasis,,CR(PE),2011,1890s
"",Neritina tiassalensis,,CR(PE),2006,before 1980s
"",Ohridohauffenia minuta,,CR(PE),2009,?
"",Omphalotropis ingens,,CR(PE),2011,1850s
"",Opisthostoma decrespignyi,,CR(PE),2004,before 1960s
"",Opisthostoma otostoma,,CR(PE),2004,before 1960s
"",Paladilhiopsis janinensis,,CR(PE),2009,1980s
"",Palaina albata,,CR(PE),2011,1936
"",Palaina patula,,CR(PE),2011,1936
"",Palaina platycheilus,,CR(PE),2011,1936
"",Palaina pupa,,CR(PE),2011,1936
"",Palaopartula leucothoe,,CR(PE),2011,1936
"",Partula guamensis,,CR(PE),2011,1936
"",Placostylus koroensis,,CR(PE),2011,1980
"",Plectostoma charasense,,CR(PE),2014,2007
"",Plectostoma dindingensis,,CR(PE),2014,1997
"",Plectostoma turriforme,,CR(PE),2014,1997
"",Potamopyrgus acus,,CR(PE),2011,1981
"",Pseudogibbula cara,,CR(PE),2008,1920s
"",Samoana cramptoni,,CR(PE),2011,1933
"",Sardohoratia sulcata,,CR(PE),2009,1995
"",Soapitia dageti,,CR(PE),2006,before 1961
"",Somatogyrus crassus,Stocky Pebblesnail,CR(PE),2000,?
"",Somatogyrus currierianus,,CR(PE),2000,?
"",Somatogyrus hendersoni,,CR(PE),2000,?
"",Somatogyrus humerosus,,CR(PE),2000,?
"",Somatogyrus nanus,,CR(PE),2000,?
"",Spiralix corsica,,CR(PE),2009,1990s
"",Stagnicola utahensis,Thickshell Pondsnail,CR(PE),2012,1934
"",Succinea rotumana,,CR(PE),2011,1938
"",Tanousia zrmanjae,,CR(PE),2009,?
"",Tryonia brunei,Brune Spring Snail,CR(PE),2012,1993
"",Valvatorbis mauritii,,CR(PE),2008,?
"",Zaumia sanctizaumi,,CR(PE),2009,?
"",Zingis radiolata,,CR(PE),2004,?
"",,,,,
"",WORMS,,,,
"",Prosadenoporus agricola,,CR(PE),2013,1966
"",,,,,
"",WINGLESS ARTHOPODS,,,,
"",Ceratophysella sp. nov. 'HC',,CR(PE),2016,2006
"",Delamarephorura tami,,CR(PE),2016,2004
"",,,,,
"",PLANTS,,,,
"",Adenophorus periens,,CR(PE),2015,2014
"",Aechmea cymosopaniculata,,CR(PE),2008,1856
Aeranthes albidiflora,,CR(PE),2015,1959,
"",Scientific name,Common name,"IUCN RedList (2017-1)Category","Year ofAssessment","Date last recorded inthe wild"
"",Aeschynomene ruspoliana,,CR(PE),2009,1893
"",Aetheolaena hypoleuca,,CR(PE),2003,1851
"",Aetheolaena ledifolia,,CR(PE),2003,Early 19th century
"",Aetheolaena pichinchensis,,CR(PE),2003,1864
"",Agelanthus rondensis,,CR(PE),2012,1903
"",Albuca nana,,CR(PE),2012,1911
"",Alnus henryi,,CR(PE),2014,1916
"",Amsinckia marginata,,CR(PE),2003,Early 20th century
"",Andropogon benthamianus,,CR(PE),2004,1841-1843
"",Angraecum mahavavense,,CR(PE),2015,1932
"",Angraecum muscicolum,,CR(PE),2015,1925
"",Angraecum perhumile,,CR(PE),2015,1925
"",Angraecum potamophilum,,CR(PE),2015,1898
"",Angraecum rigidifolium,,CR(PE),2015,1925
"",Angraecum rubellum,,CR(PE),2015,1963
"",Angraecum serpens,,CR(PE),2015,1942
"",Angraecum sterrophyllum,,CR(PE),2015,1913
"",Anisopappus burundiensis,,CR(PE),2013,1967
"",Artemisia kauaiensis,,CR(PE),2016,2006
"",Aspidostemon inconspicuus,Longotra,CR(PE),2015,1955
"",Aster quitensis,,CR(PE),2003,1820s
"",Athanasia imbricata,,CR(PE),2012,1865
"",Baccharis fusca,,CR(PE),2003,1850s
"",Benthamia nigro-vaginata,,CR(PE),2015,1926
"",Betula gynoterminalis,,CR(PE),2014,1956
"",Blotiella coriacea,,CR(PE),2013,1971
"",Brighamia insignis,'olulu,CR(PEW),2016,2014
"",Bulbophyllum erythroglossum,,CR(PE),2015,1964
"",Bulbophyllum hirsutiusculum,,CR(PE),2015,1928
"",Bulbophyllum minax,,CR(PE),2015,1919
"",Bulbophyllum sanguineum,,CR(PE),2015,1925
"",Bulbophyllum tampoketsense,,CR(PE),2015,1923
"",Bulbophyllum zaratananae,,CR(PE),2008,1924
"",Callerya neocaledonica,,CR(PE),2007,1992
"",Canavalia veillonii,,CR(PE),2007,1990
"",Centropogon brachysiphoniatus,,CR(PE),2003,Before 1935
"",Cereus estevesii,,CR(PEW),2010,2002
"",Clitoria andrei,,CR(PE),2004,1876
"",Costus vinosus,,CR(PEW),2014,2004
"",Cotula myriophylloides,,CR(PE),2005,1971
"",Ctenitis pallatangana,,CR(PE),2003,?
"",Cyanea kolekoleensis,,CR(PE),2015,1998
"",Cyanea kuhihewa,Haha,CR(PEW),2016,2003
"",Cycas fugax,,CR(PE),2009,2004
"",Cynorkis bimaculata,,CR(PE),2015,1961
"",Cynorkis catatii,,CR(PE),2015,1889
"",Cynorkis rolfei,,CR(PE),2015,1903
"",Cynorkis sylvatica,,CR(PE),2015,1951
"",Cynorkis usambarae,,CR(PE),2013,1893
"",Cyperus chionocephalus,,CR(PE),2009,1839
"",Cyperus multifolius,,CR(PE),2004,Early 1800s
"",Cyrtandra crenata,,CR(PE),2016,1947
"",Dalea sabinalis,Sabinal Prairie-clover,CR(PE),2010,1950-1960
"",Delissea rhytidosperma,,CR(PEW),2015,2002
"",Delissea takeuchii,,CR(PE),2015,1987
"",Delonix tomentosa,,CR(PE),2011,1901
"",Devillea flagelliformis,,CR(PE),2008,1840s
"",Diaphananthe orientalis,,CR(PE),2013,1933
"",Dicoma pretoriensis,,CR(PE),2003,1925
"",Diospyros katendei,,CR(PE),2013,?
"",Diplazium ulugurense,,CR(PE),2013,1970
"",Dipterocarpus grandiflorus,,CR(PE),1998,?
"",Discocactus subterraneo-proliferans,,CR(PEW),2010,1984
"",Disperis bosseri,,CR(PE),2015,1957
"",Disperis egregia,,CR(PE),2013,1944
"",Dorstenia bicaudata,,CR(PE),2012,1950
"",Dubautia kenwoodii,Na'ena'e,CR(PE),2016,1991
"",Dypsis brittiana,,CR(PE),2010,2005
"",Egletes humifusa,,CR(PE),2003,1836
"",Elaphandra retroflexa,,CR(PE),2003,1920s
"",Elaphoglossum gracilipes,,CR(PE),2003,Before 1853
"",Elaphoglossum polytrichum,,CR(PE),2003,19th century
"",Eleocharis lepta,,CR(PE),2008,1897
"",Emicocarpus fissifolius,,CR(PE),2015,1966
"",Encephalartos cerinus,Waxen Cycad,CR(PE),2009,Before 2000
"",Encephalartos hirsutus,Venda Cycad,CR(PE),2009,2004
"",Encephalartos inopinus,Lydenburg Cycad,CR(PE),2009,2004
"",Eremospatha barendii,Rattan Palm,CR(PE),2016,2012
"",Eugenia albida,,CR(PE),2004,Early 19th century
Eugenia guayaquilensis,,CR(PE),2004,Before 1823,
Scientific name,Common name,"IUCN RedList (2017-1)Category","Year ofAssessment","Date last recorded inthe wild"
Eugenia scheffleri,,CR(PE),2012,1900
Eulophia grandidieri,,CR(PE),2015,1901
Euphorbia alcicornis,,CR(PE),2004,1880
Euphorbia boinensis,,CR(PE),2004,1920
Euphorbia neospinescens,,CR(PE),2013,1942
Euphorbia pirahazo,,CR(PE),2004,?
Galaxaura barbata,,CR(PE),2007,1963
Guzmania lepidota,,CR(PE),2003,1876
Guzmania poortmanii,,CR(PE),2003,1889
Guzmania striata,,CR(PE),2003,1956
Gynura campanulata,,CR(PE),2016,1935
Hunteria hexaloba,,CR(PE),2012,1902
Hymenodictyon seyrigii,,CR(PE),2015,1942
Isoetes heldreichii,,CR(PE),2010,1885
Isoetes sinensis,,CR(PE),2004,?
Kadua haupuensis,,CR(PEW),2015,1998
Kanaloa kahoolawensis,,CR(PEW),2015,2014
Kunkeliella psilotoclada,,CR(PE),2011,1983
Lijndenia brenanii,,CR(PE),2013,1961
Magnolia dixonii,Cucharillo,CR(PE),2015,1965
Magnolia emarginata,,CR(PE),2014,1980s
Magnolia wolfii,,CR(PEW),2007,2006
Manettia canescens,,CR(PE),2004,19th century
Manettia holwayi,,CR(PE),2004,1920
Matelea ecuadorensis,,CR(PE),2003,19th century
Maytenus manabiensis,,CR(PE),2003,19th century
Melpomene brevipes,,CR(PE),2003,19th century
Miconia longisetosa,,CR(PE),2004,1886
Miconia scabra,,CR(PE),2004,1876
Mikania iserniana,,CR(PE),2003,1864
Mikania seemannii,,CR(PE),2003,1845-1852
Mimosa kitrokala,,CR(PE),2009,1947
Panicum pearsonii,,CR(PE),2009,1913
Pentagonia orthoneura,,CR(PE),2004,1860s
Peperomia dauleana,,CR(PE),2004,19th century
Peperomia petraea,,CR(PE),2004,19th century
Philodendron balaoanum,,CR(PE),2003,1891
Phycodrina elegans,,CR(PE),2007,1977
Phyllostegia kahiliensis,,CR(PE),2015,1987
Phyllostegia knudsenii,,CR(PE),2015,2001
Piper molliusculum,,CR(PE),2004,?
Plectranthus scopulicola,,CR(PE),2012,1953
Podocarpus perrieri,,CR(PE),2011,1951
Polygala quitensis,,CR(PE),2004,Before 1854
Polystachya acuminata,,CR(PE),2013,1943
Polystachya canaliculata,,CR(PE),2013,1943-1962
Polystachya porphyrochila,,CR(PE),2013,1970-1982
Polystachya rugosilabia,,CR(PE),2013,1942
Prestonia schumanniana,,CR(PE),2003,1892
Rhynchosia ledermannii,,CR(PE),2015,1908
Schiedea attenuata,,CR(PEW),2015,1994
Senecio navugabensis,,CR(PE),2013,1935
Shorea dispar,,CR(PE),1998,?
Silene perlmanii,,CR(PEW),2015,1997
Siphocampylus loxensis,,CR(PE),2003,?
Solanum semicoalitum,,CR(PE),2004,1864
Stenogyne bifida,,CR(PEW),2015,2014
Stenogyne campanulata,,CR(PEW),2016,2006
Stenogyne kanehoana,,CR(PEW),2015,2013
Stereospermum zenkeri,,CR(PE),2015,1950
Steriphoma urbani,,CR(PE),2003,1980s
Tournefortia obtusiflora,,CR(PE),2003,19th century
Triaspis schliebenii,,CR(PE),2012,1935
Tridactyle sarcodantha,,CR(PE),2013,1933
Uvaria decidua,,CR(PE),2008,1935
Vatica xishuangbannaensis,,CR(PE),1998,?
Viburnum divaricatum,,CR(PE),2003,Before 1844
Xylosma serrata,,CR(PE),2015,1980
"",,,,
PROTISTS,,,,
Bifurcaria galapagensis,Galápagos Stringweed,CR(PE),2007,1983
Desmarestia tropica,Tropical Acidweed,CR(PE),2007,1972
Dictyota galapagensis,,CR(PE),2007,1974
